Product;Denom;Publik
Mobile Legends;;
Mobile Legends;14 Diamonds;Rp4.000
Mobile Legends;28 Diamonds;Rp8.000
Mobile Legends;42 Diamonds;Rp11.000
Mobile Legends;70 Diamons;Rp18.000
Mobile Legends;86 Diamonds;Rp20.413
Mobile Legends;172 Diamonds;Rp40.825
Mobile Legends;257 Diamonds;Rp61.238
Mobile Legends;284 Diamonds;Rp71.000
Mobile Legends;344 Diamonds;Rp81.650
Mobile Legends;429 Diamonds;Rp102.063
Mobile Legends;514 Diamonds;Rp122.475
Mobile Legends;600 Diamonds;Rp142.888
Mobile Legends;706 Diamonds;Rp163.300
Mobile Legends;878 Diamonds;Rp204.125
Mobile Legends;962 Diamonds;Rp224.538
Mobile Legends;1050 Diamonds;Rp244.950
Mobile Legends;1220 Diamonds;Rp285.775
Mobile Legends;1412 Diamonds;Rp326.600
Mobile Legends;1669 Diamonds;Rp387.838
Mobile Legends;2194 Diamonds;Rp489.900
Mobile Legends;2539 Diamonds;Rp571.550
Mobile Legends;2900 Diamonds;Rp653.200
Mobile Legends;3688 Diamonds;Rp816.500
Mobile Legends;4390 Diamonds;Rp979.800
Mobile Legends;5532 Diamonds;Rp1.224.750
Mobile Legends;6235 Diamonds;Rp1.388.050
Mobile Legends;7726 Diamonds;Rp1.714.650
Mobile Legends;9288 Diamonds;Rp2.041.250
Mobile Legends;14820 Diamonds;Rp3.266.000
Mobile Legends;18576 Diamonds;Rp4.082.500
Mobile Legends;27864 Diamonds;Rp6.123.750
;;
Mobile Legends;Twilight Pass;Rp135.125
